CREATE DATABASE staff;
USE staff;
CREATE TABLE DEPARTMENTS(
    Department_ID INT NOT NULL PRIMARY KEY ,
    Department_Name VARCHAR(30) NOT NULL,
    Manager_ID INT NOT NULL,
    Location_ID INT NOT NULL,
)

Select * from DEPARTMENTS
SELECT * FROM EMPLOYEES;
SELECT * FROM JOBS


--JOBS TABLE - JOB_ID - JOB_TITLE - MIN_SALARY - MAX_SALARY
CREATE TABLE JOBS(
    Job_ID varchar(20) NOT NULL PRIMARY KEY ,
    Job_Title VARCHAR(30) NOT NULL,
    Min_Salary INT NOT NULL,
    Max_Salary INT NOT NULL,
)

SELECT * FROM EMPLOYEES;
SELECT * FROM JOBS;
SELECT * FROM DEPARTMENTS;


--EMPLOYEE TABLE - EMPLOYEE_ID - FIRST_NAME - LAST_NAME - EMAIL - PHONE_NUMBER - HIRE_DATE - JOB_ID - SALARY - COMMISSION_PCT - MANAGER_ID - DEPARTMENT_ID

CREATE TABLE EMPLOYEES(
    Employee_ID INT    NOT NULL PRIMARY KEY ,
    First_Name VARCHAR(30) NOT NULL,
    Last_Name VARCHAR(30) NOT NULL,
    Email VARCHAR(120),
    Phone_Number VARCHAR(15),
    Hire_Date DATE,
    Job_ID varchar(20) NOT NULL FOREIGN KEY REFERENCES JOBS(Job_ID) on delete cascade,
    Salary INT NOT NULL,
    Commision_PCT DECIMAL(5,2),
    Manager_ID INT NULL,
    Department_ID INT FOREIGN KEY REFERENCES DEPARTMENTS(DEPARTMENT_id) on delete cascade,
)
INSERT INTO departments VALUES 
   ( 10
   , 'Administration'
   , 200
   , 1700
   );
INSERT INTO departments VALUES 
   ( 20
   , 'Marketing'
   , 201
   , 1800
   );
   
   INSERT INTO departments VALUES 
   ( 30
   , 'Purchasing'
   , 114
   , 1700
   );
   
   INSERT INTO departments VALUES 
   ( 40
   , 'Human Resources'
   , 203
   , 2400
   );
INSERT INTO departments VALUES 
   ( 50
   , 'Shipping'
   , 121
   , 1500
   );
   
   INSERT INTO departments VALUES 
   ( 60 
   , 'IT'
   , 103
   , 1400
   );
   
   INSERT INTO departments VALUES 
   ( 70 
   , 'Public Relations'
   , 204
   , 2700
   );
   
   INSERT INTO departments VALUES 
   ( 80 
   , 'Sales'
   , 145
   , 2500
   );
   
   INSERT INTO departments VALUES 
   ( 90 
   , 'Executive'
   , 100
   , 1700
   );
INSERT INTO departments VALUES 
   ( 100 
   , 'Finance'
   , 108
   , 1700
   );
   
   INSERT INTO departments VALUES 
   ( 110 
   , 'Accounting'
   , 205
   , 1700
   );
INSERT INTO departments VALUES 
   ( 120 
   , 'Treasury'
   , NULL
   , 1700
   );
INSERT INTO departments VALUES 
   ( 130 
   , 'Corporate Tax'
   , NULL
   , 1700
   );
INSERT INTO departments VALUES 
   ( 140 
   , 'Control And Credit'
   , NULL
   , 1700
   );
INSERT INTO departments VALUES 
   ( 150 
   , 'Shareholder Services'
   , NULL
   , 1700
   );
INSERT INTO departments VALUES 
   ( 160 
   , 'Benefits'
   , NULL
   , 1700
   );
INSERT INTO departments VALUES 
   ( 170 
   , 'Manufacturing'
   , NULL
   , 1700
   );
INSERT INTO departments VALUES 
   ( 180 
   , 'Construction'
   , NULL
   , 1700
   );
INSERT INTO departments VALUES 
   ( 190 
   , 'Contracting'
   , NULL
   , 1700
   );
INSERT INTO departments VALUES 
   ( 200 
   , 'Operations'
   , NULL
   , 1700
   );
INSERT INTO departments VALUES 
   ( 210 
   , 'IT Support'
   , NULL
   , 1700
   );
INSERT INTO departments VALUES 
   ( 220 
   , 'NOC'
   , NULL
   , 1700
   );
INSERT INTO departments VALUES 
   ( 230 
   , 'IT Helpdesk'
   , NULL
   , 1700
   );
INSERT INTO departments VALUES 
   ( 240 
   , 'Government Sales'
   , NULL
   , 1700
   );
INSERT INTO departments VALUES 
   ( 250 
   , 'Retail Sales'
   , NULL
   , 1700
   );
INSERT INTO departments VALUES 
   ( 260 
   , 'Recruiting'
   , NULL
   , 1700
   );
INSERT INTO departments VALUES 
   ( 270 
   , 'Payroll'
   , NULL
   , 1700
   );
   INSERT INTO jobs VALUES 
   ( 'AD_PRES'
   , 'President'
   , 20000
   , 40000
   );
   INSERT INTO jobs VALUES 
   ( 'AD_VP'
   , 'Administration Vice President'
   , 15000
   , 30000
   );
INSERT INTO jobs VALUES 
   ( 'AD_ASST'
   , 'Administration Assistant'
   , 3000
   , 6000
   );
INSERT INTO jobs VALUES 
   ( 'FI_MGR'
   , 'Finance Manager'
   , 8200
   , 16000
   );
INSERT INTO jobs VALUES 
   ( 'FI_ACCOUNT'
   , 'Accountant'
   , 4200
   , 9000
   );
INSERT INTO jobs VALUES 
   ( 'AC_MGR'
   , 'Accounting Manager'
   , 8200
   , 16000
   );
INSERT INTO jobs VALUES 
   ( 'AC_ACCOUNT'
   , 'Public Accountant'
   , 4200
   , 9000
   );
   INSERT INTO jobs VALUES 
   ( 'SA_MAN'
   , 'Sales Manager'
   , 10000
   , 20000
   );
INSERT INTO jobs VALUES 
   ( 'SA_REP'
   , 'Sales Representative'
   , 6000
   , 12000
   );
INSERT INTO jobs VALUES 
   ( 'PU_MAN'
   , 'Purchasing Manager'
   , 8000
   , 15000
   );
INSERT INTO jobs VALUES 
   ( 'PU_CLERK'
   , 'Purchasing Clerk'
   , 2500
   , 5500
   );
INSERT INTO jobs VALUES 
   ( 'ST_MAN'
   , 'Stock Manager'
   , 5500
   , 8500
   );
   INSERT INTO jobs VALUES 
   ( 'ST_CLERK'
   , 'Stock Clerk'
   , 2000
   , 5000
   );
INSERT INTO jobs VALUES 
   ( 'SH_CLERK'
   , 'Shipping Clerk'
   , 2500
   , 5500
   );
INSERT INTO jobs VALUES 
   ( 'IT_PROG'
   , 'Programmer'
   , 4000
   , 10000
   );
INSERT INTO jobs VALUES 
   ( 'MK_MAN'
   , 'Marketing Manager'
   , 9000
   , 15000
   );
INSERT INTO jobs VALUES 
   ( 'MK_REP'
   , 'Marketing Representative'
   , 4000
   , 9000
   );
INSERT INTO jobs VALUES 
   ( 'HR_REP'
   , 'Human Resources Representative'
   , 4000
   , 9000
   );
INSERT INTO jobs VALUES 
   ( 'PR_REP'
   , 'Public Relations Representative'
   , 4500
   , 10500
   );
INSERT INTO employees VALUES 
   ( 100
   , 'Steven'
   , 'King'
   , 'SKING'
   , '515.123.4567'
   , '17-JUN-1987'
   , 'AD_PRES'
   , 24000
   , NULL
   , NULL
   , 90
   );
INSERT INTO employees VALUES 
   ( 101
   , 'Neena'
   , 'Kochhar'
   , 'NKOCHHAR'
   , '515.123.4568'
   ,'21-SEP-1989'
   , 'AD_VP'
   , 17000
   , NULL
   , 100
   , 90
   );
INSERT INTO employees VALUES 
   ( 102
   , 'Lex'
   , 'De Haan'
   , 'LDEHAAN'
   , '515.123.4569'
   ,'13-JAN-1993'
   , 'AD_VP'
   , 17000
   , NULL
   , 100
   , 90
   );
INSERT INTO employees VALUES 
   ( 103
   , 'Alexander'
   , 'Hunold'
   , 'AHUNOLD'
   , '590.423.4567'
   , '03-JAN-1990'
   , 'IT_PROG'
   , 9000
   , NULL
   , 102
   , 60
   );
INSERT INTO employees VALUES 
   ( 104
   , 'Bruce'
   , 'Ernst'
   , 'BERNST'
   , '590.423.4568'
   , '21-MAY-1991'
   , 'IT_PROG'
   , 6000
   , NULL
   , 103
   , 60
   );
INSERT INTO employees VALUES 
   ( 105
   , 'David'
   , 'Austin'
   , 'DAUSTIN'
   , '590.423.4569'
   , '25-JUN-1997'
   , 'IT_PROG'
   , 4800
   , NULL
   , 103
   , 60
   );
INSERT INTO employees VALUES 
   ( 106
   , 'Valli'
   , 'Pataballa'
   , 'VPATABAL'
   , '590.423.4560'
   , '05-FEB-1998'
   , 'IT_PROG'
   , 4800
   , NULL
   , 103
   , 60
   );
INSERT INTO employees VALUES 
   ( 107
   , 'Diana'
   , 'Lorentz'
   , 'DLORENTZ'
   , '590.423.5567'
   , '07-FEB-1999'
   , 'IT_PROG'
   , 4200
   , NULL
   , 103
   , 60
   );
INSERT INTO employees VALUES 
   ( 108
   , 'Nancy'
   , 'Greenberg'
   , 'NGREENBE'
   , '515.124.4569'
   , '17-AUG-1994'
   , 'FI_MGR'
   , 12000
   , NULL
   , 101
   , 100
   );
INSERT INTO employees VALUES 
   ( 109
   , 'Daniel'
   , 'Faviet'
   , 'DFAVIET'
   , '515.124.4169'
   , '16-AUG-1994'
   , 'FI_ACCOUNT'
   , 9000
   , NULL
   , 108
   , 100
   );
INSERT INTO employees VALUES 
   ( 110
   , 'John'
   , 'Chen'
   , 'JCHEN'
   , '515.124.4269'
   , '28-SEP-1997'
   , 'FI_ACCOUNT'
   , 8200
   , NULL
   , 108
   , 100
   );
INSERT INTO employees VALUES 
   ( 111
   , 'Ismael'
   , 'Sciarra'
   , 'ISCIARRA'
   , '515.124.4369'
   , '30-SEP-1997'
   , 'FI_ACCOUNT'
   , 7700
   , NULL
   , 108
   , 100
   );
INSERT INTO employees VALUES 
   ( 112
   , 'Jose Manuel'
   , 'Urman'
   , 'JMURMAN'
   , '515.124.4469'
   , '07-MAR-1998'
   , 'FI_ACCOUNT'
   , 7800
   , NULL
   , 108
   , 100
   );
INSERT INTO employees VALUES 
   ( 113
   , 'Luis'
   , 'Popp'
   , 'LPOPP'
   , '515.124.4567'
   , '07-DEC-1999'
   , 'FI_ACCOUNT'
   , 6900
   , NULL
   , 108
   , 100
   );
INSERT INTO employees VALUES 
   ( 114
   , 'Den'
   , 'Raphaely'
   , 'DRAPHEAL'
   , '515.127.4561'
   , '07-DEC-1994'
   , 'PU_MAN'
   , 11000
   , NULL
   , 100
   , 30
   );
INSERT INTO employees VALUES 
   ( 115
   , 'Alexander'
   , 'Khoo'
   , 'AKHOO'
   , '515.127.4562'
   , '18-MAY-1995'
   , 'PU_CLERK'
   , 3100
   , NULL
   , 114
   , 30
   );
INSERT INTO employees VALUES 
   ( 116
   , 'Shelli'
   , 'Baida'
   , 'SBAIDA'
   , '515.127.4563'
   , '24-DEC-1997'
   , 'PU_CLERK'
   , 2900
   , NULL
   , 114
   , 30
   );
INSERT INTO employees VALUES 
   ( 117
   , 'Sigal'
   , 'Tobias'
   , 'STOBIAS'
   , '515.127.4564'
   , '24-JUL-1997'
   , 'PU_CLERK'
   , 2800
   , NULL
   , 114
   , 30
   );
INSERT INTO employees VALUES 
   ( 118
   , 'Guy'
   , 'Himuro'
   , 'GHIMURO'
   , '515.127.4565'
   , '15-NOV-1998'
   , 'PU_CLERK'
   , 2600
   , NULL
   , 114
   , 30
   );
INSERT INTO employees VALUES 
   ( 119
   , 'Karen'
   , 'Colmenares'
   , 'KCOLMENA'
   , '515.127.4566'
   , '10-AUG-1999'
   , 'PU_CLERK'
   , 2500
   , NULL
   , 114
   , 30
   );
INSERT INTO employees VALUES 
   ( 120
   , 'Matthew'
   , 'Weiss'
   , 'MWEISS'
   , '650.123.1234'
   , '18-JUL-1996'
   , 'ST_MAN'
   , 8000
   , NULL
   , 100
   , 50
   );
INSERT INTO employees VALUES 
   ( 121
   , 'Adam'
   , 'Fripp'
   , 'AFRIPP'
   , '650.123.2234'
   , '10-APR-1997'
   , 'ST_MAN'
   , 8200
   , NULL
   , 100
   , 50
   );
INSERT INTO employees VALUES 
   ( 122
   , 'Payam'
   , 'Kaufling'
   , 'PKAUFLIN'
   , '650.123.3234'
   , '01-MAY-1995'
   , 'ST_MAN'
   , 7900
   , NULL
   , 100
   , 50
   );
INSERT INTO employees VALUES 
   ( 123
   , 'Shanta'
   , 'Vollman'
   , 'SVOLLMAN'
   , '650.123.4234'
   , '10-OCT-1997'
   , 'ST_MAN'
   , 6500
   , NULL
   , 100
   , 50
   );
INSERT INTO employees VALUES 
   ( 124
   , 'Kevin'
   , 'Mourgos'
   , 'KMOURGOS'
   , '650.123.5234'
   , '16-NOV-1999'
   , 'ST_MAN'
   , 5800
   , NULL
   , 100
   , 50
   );
INSERT INTO employees VALUES 
   ( 125
   , 'Julia'
   , 'Nayer'
   , 'JNAYER'
   , '650.124.1214'
   , '16-JUL-1997'
   , 'ST_CLERK'
   , 3200
   , NULL
   , 120
   , 50
   );
INSERT INTO employees VALUES 
   ( 126
   , 'Irene'
   , 'Mikkilineni'
   , 'IMIKKILI'
   , '650.124.1224'
   , '28-SEP-1998'
   , 'ST_CLERK'
   , 2700
   , NULL
   , 120
   , 50
   );
INSERT INTO employees VALUES 
   ( 127
   , 'James'
   , 'Landry'
   , 'JLANDRY'
   , '650.124.1334'
   , '14-JAN-1999'
   , 'ST_CLERK'
   , 2400
   , NULL
   , 120
   , 50
   );
INSERT INTO employees VALUES 
   ( 128
   , 'Steven'
   , 'Markle'
   , 'SMARKLE'
   , '650.124.1434'
   , '08-MAR-2000'
   , 'ST_CLERK'
   , 2200
   , NULL
   , 120
   , 50
   );
INSERT INTO employees VALUES 
   ( 129
   , 'Laura'
   , 'Bissot'
   , 'LBISSOT'
   , '650.124.5234'
   , '20-AUG-1997'
   , 'ST_CLERK'
   , 3300
   , NULL
   , 121
   , 50
   );
INSERT INTO employees VALUES 
   ( 130
   , 'Mozhe'
   , 'Atkinson'
   , 'MATKINSO'
   , '650.124.6234'
   , '30-OCT-1997'
   , 'ST_CLERK'
   , 2800
   , NULL
   , 121
   , 50
   );
INSERT INTO employees VALUES 
   ( 131
   , 'James'
   , 'Marlow'
   , 'JAMRLOW'
   , '650.124.7234'
   , '16-FEB-1997'
   , 'ST_CLERK'
   , 2500
   , NULL
   , 121
   , 50
   );
INSERT INTO employees VALUES 
   ( 132
   , 'TJ'
   , 'Olson'
   , 'TJOLSON'
   , '650.124.8234'
   , '10-APR-1999'
   , 'ST_CLERK'
   , 2100
   , NULL
   , 121
   , 50
   );
INSERT INTO employees VALUES 
   ( 133
   , 'Jason'
   , 'Mallin'
   , 'JMALLIN'
   , '650.127.1934'
   , '14-JUN-1996'
   , 'ST_CLERK'
   , 3300
   , NULL
   , 122
   , 50
   );
INSERT INTO employees VALUES 
   ( 134
   , 'Michael'
   , 'Rogers'
   , 'MROGERS'
   , '650.127.1834'
   , '26-AUG-1998'
   , 'ST_CLERK'
   , 2900
   , NULL
   , 122
   , 50
   );
INSERT INTO employees VALUES 
   ( 135
   , 'Ki'
   , 'Gee'
   , 'KGEE'
   , '650.127.1734'
   , '12-DEC-1999'
   , 'ST_CLERK'
   , 2400
   , NULL
   , 122
   , 50
   );
INSERT INTO employees VALUES 
   ( 136
   , 'Hazel'
   , 'Philtanker'
   , 'HPHILTAN'
   , '650.127.1634'
   , '06-FEB-2000'
   , 'ST_CLERK'
   , 2200
   , NULL
   , 122
   , 50
   );
INSERT INTO employees VALUES 
   ( 137
   , 'Renske'
   , 'Ladwig'
   , 'RLADWIG'
   , '650.121.1234'
   , '14-JUL-1995'
   , 'ST_CLERK'
   , 3600
   , NULL
   , 123
   , 50
   );
INSERT INTO employees VALUES 
   ( 138
   , 'Stephen'
   , 'Stiles'
   , 'SSTILES'
   , '650.121.2034'
   , '26-OCT-1997'
   , 'ST_CLERK'
   , 3200
   , NULL
   , 123
   , 50
   );
INSERT INTO employees VALUES 
   ( 139
   , 'John'
   , 'Seo'
   , 'JSEO'
   , '650.121.2019'
   , '12-FEB-1998'
   , 'ST_CLERK'
   , 2700
   , NULL
   , 123
   , 50
   );
INSERT INTO employees VALUES 
   ( 140
   , 'Joshua'
   , 'Patel'
   , 'JPATEL'
   , '650.121.1834'
   , '06-APR-1998'
   , 'ST_CLERK'
   , 2500
   , NULL
   , 123
   , 50
   );
INSERT INTO employees VALUES 
   ( 141
   , 'Trenna'
   , 'Rajs'
   , 'TRAJS'
   , '650.121.8009'
   , '17-OCT-1995'
   , 'ST_CLERK'
   , 3500
   , NULL
   , 124
   , 50
   );
INSERT INTO employees VALUES 
   ( 142
   , 'Curtis'
   , 'Davies'
   , 'CDAVIES'
   , '650.121.2994'
   , '29-JAN-1997'
   , 'ST_CLERK'
   , 3100
   , NULL
   , 124
   , 50
   );
INSERT INTO employees VALUES 
   ( 143
   , 'Randall'
   , 'Matos'
   , 'RMATOS'
   , '650.121.2874'
   , '15-MAR-1998'
   , 'ST_CLERK'
   , 2600
   , NULL
   , 124
   , 50
   );
INSERT INTO employees VALUES 
   ( 144
   , 'Peter'
   , 'Vargas'
   , 'PVARGAS'
   , '650.121.2004'
   , '09-JUL-1998'
   , 'ST_CLERK'
   , 2500
   , NULL
   , 124
   , 50
   );
INSERT INTO employees VALUES 
   ( 145
   , 'John'
   , 'Russell'
   , 'JRUSSEL'
   , '011.44.1344.429268'
   , '01-OCT-1996'
   , 'SA_MAN'
   , 14000
   , .4
   , 100
   , 80
   );
INSERT INTO employees VALUES 
   ( 146
   , 'Karen'
   , 'Partners'
   , 'KPARTNER'
   , '011.44.1344.467268'
   , '05-JAN-1997'
   , 'SA_MAN'
   , 13500
   , .3
   , 100
   , 80
   );
INSERT INTO employees VALUES 
   ( 147
   , 'Alberto'
   , 'Errazuriz'
   , 'AERRAZUR'
   , '011.44.1344.429278'
   , '10-MAR-1997'
   , 'SA_MAN'
   , 12000
   , .3
   , 100
   , 80
   );
INSERT INTO employees VALUES 
   ( 148
   , 'Gerald'
   , 'Cambrault'
   , 'GCAMBRAU'
   , '011.44.1344.619268'
   , '15-OCT-1999'
   , 'SA_MAN'
   , 11000
   , .3
   , 100
   , 80
   );
INSERT INTO employees VALUES 
   ( 149
   , 'Eleni'
   , 'Zlotkey'
   , 'EZLOTKEY'
   , '011.44.1344.429018'
   , '29-JAN-2000'
   , 'SA_MAN'
   , 10500
   , .2
   , 100
   , 80
   );
INSERT INTO employees VALUES 
   ( 150
   , 'Peter'
   , 'Tucker'
   , 'PTUCKER'
   , '011.44.1344.129268'
   , '30-JAN-1997'
   , 'SA_REP'
   , 10000
   , .3
   , 145
   , 80
   );
INSERT INTO employees VALUES 
   ( 151
   , 'David'
   , 'Bernstein'
   , 'DBERNSTE'
   , '011.44.1344.345268'
   , '24-MAR-1997'
   , 'SA_REP'
   , 9500
   , .25
   , 145
   , 80
   );
INSERT INTO employees VALUES 
   ( 152
   , 'Peter'
   , 'Hall'
   , 'PHALL'
   , '011.44.1344.478968'
   , '20-AUG-1997'
   , 'SA_REP'
   , 9000
   , .25
   , 145
   , 80
   );
INSERT INTO employees VALUES 
   ( 153
   , 'Christopher'
   , 'Olsen'
   , 'COLSEN'
   , '011.44.1344.498718'
   , '30-MAR-1998'
   , 'SA_REP'
   , 8000
   , .2
   , 145
   , 80
   );
INSERT INTO employees VALUES 
   ( 154
   , 'Nanette'
   , 'Cambrault'
   , 'NCAMBRAU'
   , '011.44.1344.987668'
   , '09-DEC-1998'
   , 'SA_REP'
   , 7500
   , .2
   , 145
   , 80
   );
INSERT INTO employees VALUES 
   ( 155
   , 'Oliver'
   , 'Tuvault'
   , 'OTUVAULT'
   , '011.44.1344.486508'
   , '23-NOV-1999'
   , 'SA_REP'
   , 7000
   , .15
   , 145
   , 80
   );
INSERT INTO employees VALUES 
   ( 156
   , 'Janette'
   , 'King'
   , 'JKING'
   , '011.44.1345.429268'
   , '30-JAN-1996'
   , 'SA_REP'
   , 10000
   , .35
   , 146
   , 80
   );
INSERT INTO employees VALUES 
   ( 157
   , 'Patrick'
   , 'Sully'
   , 'PSULLY'
   , '011.44.1345.929268'
   , '04-MAR-1996'
   , 'SA_REP'
   , 9500
   , .35
   , 146
   , 80
   );
INSERT INTO employees VALUES 
   ( 158
   , 'Allan'
   , 'McEwen'
   , 'AMCEWEN'
   , '011.44.1345.829268'
   , '01-AUG-1996'
   , 'SA_REP'
   , 9000
   , .35
   , 146
   , 80
   );
INSERT INTO employees VALUES 
   ( 159
   , 'Lindsey'
   , 'Smith'
   , 'LSMITH'
   , '011.44.1345.729268'
   , '10-MAR-1997'
   , 'SA_REP'
   , 8000
   , .3
   , 146
   , 80
   );
INSERT INTO employees VALUES 
   ( 160
   , 'Louise'
   , 'Doran'
   , 'LDORAN'
   , '011.44.1345.629268'
   , '15-DEC-1997'
   , 'SA_REP'
   , 7500
   , .3
   , 146
   , 80
   );
INSERT INTO employees VALUES 
   ( 161
   , 'Sarath'
   , 'Sewall'
   , 'SSEWALL'
   , '011.44.1345.529268'
   , '03-NOV-1998'
   , 'SA_REP'
   , 7000
   , .25
   , 146
   , 80
   );
INSERT INTO employees VALUES 
   ( 162
   , 'Clara'
   , 'Vishney'
   , 'CVISHNEY'
   , '011.44.1346.129268'
   , '11-NOV-1997'
   , 'SA_REP'
   , 10500
   , .25
   , 147
   , 80
   );
INSERT INTO employees VALUES 
   ( 163
   , 'Danielle'
   , 'Greene'
   , 'DGREENE'
   , '011.44.1346.229268'
   , '19-MAR-1999'
   , 'SA_REP'
   , 9500
   , .15
   , 147
   , 80
   );
INSERT INTO employees VALUES 
   ( 164
   , 'Mattea'
   , 'Marvins'
   , 'MMARVINS'
   , '011.44.1346.329268'
   , '24-JAN-2000'
   , 'SA_REP'
   , 7200
   , .10
   , 147
   , 80
   );
INSERT INTO employees VALUES 
   ( 165
   , 'David'
   , 'Lee'
   , 'DLEE'
   , '011.44.1346.529268'
   , '23-FEB-2000'
   , 'SA_REP'
   , 6800
   , .1
   , 147
   , 80
   );
INSERT INTO employees VALUES 
   ( 166
   , 'Sundar'
   , 'Ande'
   , 'SANDE'
   , '011.44.1346.629268'
   , '24-MAR-2000'
   , 'SA_REP'
   , 6400
   , .10
   , 147
   , 80
   );
INSERT INTO employees VALUES 
   ( 167
   , 'Amit'
   , 'Banda'
   , 'ABANDA'
   , '011.44.1346.729268'
   , '21-APR-2000'
   , 'SA_REP'
   , 6200
   , .10
   , 147
   , 80
   );
INSERT INTO employees VALUES 
   ( 168
   , 'Lisa'
   , 'Ozer'
   , 'LOZER'
   , '011.44.1343.929268'
   , '11-MAR-1997'
   , 'SA_REP'
   , 11500
   , .25
   , 148
   , 80
   );
INSERT INTO employees VALUES 
   ( 169 
   , 'Harrison'
   , 'Bloom'
   , 'HBLOOM'
   , '011.44.1343.829268'
   , '23-MAR-1998'
   , 'SA_REP'
   , 10000
   , .20
   , 148
   , 80
   );
INSERT INTO employees VALUES 
   ( 170
   , 'Tayler'
   , 'Fox'
   , 'TFOX'
   , '011.44.1343.729268'
   , '24-JAN-1998'
   , 'SA_REP'
   , 9600
   , .20
   , 148
   , 80
   );
INSERT INTO employees VALUES 
   ( 171
   , 'William'
   , 'Smith'
   , 'WSMITH'
   , '011.44.1343.629268'
   , '23-FEB-1999'
   , 'SA_REP'
   , 7400
   , .15
   , 148
   , 80
   );
INSERT INTO employees VALUES 
   ( 172
   , 'Elizabeth'
   , 'Bates'
   , 'EBATES'
   , '011.44.1343.529268'
   , '24-MAR-1999'
   , 'SA_REP'
   , 7300
   , .15
   , 148
   , 80
   );
INSERT INTO employees VALUES 
   ( 173
   , 'Sundita'
   , 'Kumar'
   , 'SKUMAR'
   , '011.44.1343.329268'
   , '21-APR-2000'
   , 'SA_REP'
   , 6100
   , .10
   , 148
   , 80
   );
INSERT INTO employees VALUES 
   ( 174
   , 'Ellen'
   , 'Abel'
   , 'EABEL'
   , '011.44.1644.429267'
   , '11-MAY-1996'
   , 'SA_REP'
   , 11000
   , .30
   , 149
   , 80
   );
INSERT INTO employees VALUES 
   ( 175
   , 'Alyssa'
   , 'Hutton'
   , 'AHUTTON'
   , '011.44.1644.429266'
   , '19-MAR-1997'
   , 'SA_REP'
   , 8800
   , .25
   , 149
   , 80
   );
INSERT INTO employees VALUES 
   ( 176
   , 'Jonathon'
   , 'Taylor'
   , 'JTAYLOR'
   , '011.44.1644.429265'
   , '24-MAR-1998'
   , 'SA_REP'
   , 8600
   , .20
   , 149
   , 80
   );
INSERT INTO employees VALUES 
   ( 177
   , 'Jack'
   , 'Livingston'
   , 'JLIVINGS'
   , '011.44.1644.429264'
   , '23-APR-1998'
   , 'SA_REP'
   , 8400
   , .20
   , 149
   , 80
   );
INSERT INTO employees VALUES 
   ( 178
   , 'Kimberely'
   , 'Grant'
   , 'KGRANT'
   , '011.44.1644.429263'
   , '24-MAY-1999'
   , 'SA_REP'
   , 7000
   , .15
   , 149
   , NULL
   );
INSERT INTO employees VALUES 
   ( 179
   , 'Charles'
   , 'Johnson'
   , 'CJOHNSON'
   , '011.44.1644.429262'
   , '04-JAN-2000'
   , 'SA_REP'
   , 6200
   , .10
   , 149
   , 80
   );
INSERT INTO employees VALUES 
   ( 180
   , 'Winston'
   , 'Taylor'
   , 'WTAYLOR'
   , '650.507.9876'
   , '24-JAN-1998'
   , 'SH_CLERK'
   , 3200
   , NULL
   , 120
   , 50
   );
INSERT INTO employees VALUES 
   ( 181
   , 'Jean'
   , 'Fleaur'
   , 'JFLEAUR'
   , '650.507.9877'
   , '23-FEB-1998'
   , 'SH_CLERK'
   , 3100
   , NULL
   , 120
   , 50
   );
INSERT INTO employees VALUES 
   ( 182
   , 'Martha'
   , 'Sullivan'
   , 'MSULLIVA'
   , '650.507.9878'
   , '21-JUN-1999'
   , 'SH_CLERK'
   , 2500
   , NULL
   , 120
   , 50
   );
INSERT INTO employees VALUES 
   ( 183
   , 'Girard'
   , 'Geoni'
   , 'GGEONI'
   , '650.507.9879'
   , '03-FEB-2000'
   , 'SH_CLERK'
   , 2800
   , NULL
   , 120
   , 50
   );
INSERT INTO employees VALUES 
   ( 184
   , 'Nandita'
   , 'Sarchand'
   , 'NSARCHAN'
   , '650.509.1876'
   , '27-JAN-1996'
   , 'SH_CLERK'
   , 4200
   , NULL
   , 121
   , 50
   );
INSERT INTO employees VALUES 
   ( 185
   , 'Alexis'
   , 'Bull'
   , 'ABULL'
   , '650.509.2876'
   , '20-FEB-1997'
   , 'SH_CLERK'
   , 4100
   , NULL
   , 121
   , 50
   );
INSERT INTO employees VALUES 
   ( 186
   , 'Julia'
   , 'Dellinger'
   , 'JDELLING'
   , '650.509.3876'
   , '24-JUN-1998'
   , 'SH_CLERK'
   , 3400
   , NULL
   , 121
   , 50
   );
INSERT INTO employees VALUES 
   ( 187
   , 'Anthony'
   , 'Cabrio'
   , 'ACABRIO'
   , '650.509.4876'
   , '07-FEB-1999'
   , 'SH_CLERK'
   , 3000
   , NULL
   , 121
   , 50
   );
INSERT INTO employees VALUES 
   ( 188
   , 'Kelly'
   , 'Chung'
   , 'KCHUNG'
   , '650.505.1876'
   , '14-JUN-1997'
   , 'SH_CLERK'
   , 3800
   , NULL
   , 122
   , 50
   );
INSERT INTO employees VALUES 
   ( 189
   , 'Jennifer'
   , 'Dilly'
   , 'JDILLY'
   , '650.505.2876'
   , '13-AUG-1997'
   , 'SH_CLERK'
   , 3600
   , NULL
   , 122
   , 50
   );
INSERT INTO employees VALUES 
   ( 190
   , 'Timothy'
   , 'Gates'
   , 'TGATES'
   , '650.505.3876'
   , '11-JUL-1998'
   , 'SH_CLERK'
   , 2900
   , NULL
   , 122
   , 50
   );
INSERT INTO employees VALUES 
   ( 191
   , 'Randall'
   , 'Perkins'
   , 'RPERKINS'
   , '650.505.4876'
   , '19-DEC-1999'
   , 'SH_CLERK'
   , 2500
   , NULL
   , 122
   , 50
   );
INSERT INTO employees VALUES 
   ( 192
   , 'Sarah'
   , 'Bell'
   , 'SBELL'
   , '650.501.1876'
   , '04-FEB-1996'
   , 'SH_CLERK'
   , 4000
   , NULL
   , 123
   , 50
   );
INSERT INTO employees VALUES 
   ( 193
   , 'Britney'
   , 'Everett'
   , 'BEVERETT'
   , '650.501.2876'
   , '03-MAR-1997'
   , 'SH_CLERK'
   , 3900
   , NULL
   , 123
   , 50
   );
INSERT INTO employees VALUES 
   ( 194
   , 'Samuel'
   , 'McCain'
   , 'SMCCAIN'
   , '650.501.3876'
   , '01-JUL-1998'
   , 'SH_CLERK'
   , 3200
   , NULL
   , 123
   , 50
   );
INSERT INTO employees VALUES 
   ( 195
   , 'Vance'
   , 'Jones'
   , 'VJONES'
   , '650.501.4876'
   , '17-MAR-1999'
   , 'SH_CLERK'
   , 2800
   , NULL
   , 123
   , 50
   );
INSERT INTO employees VALUES 
   ( 196
   , 'Alana'
   , 'Walsh'
   , 'AWALSH'
   , '650.507.9811'
   , '24-APR-1998'
   , 'SH_CLERK'
   , 3100
   , NULL
   , 124
   , 50
   );
INSERT INTO employees VALUES 
   ( 197
   , 'Kevin'
   , 'Feeney'
   , 'KFEENEY'
   , '650.507.9822'
   , '23-MAY-1998'
   , 'SH_CLERK'
   , 3000
   , NULL
   , 124
   , 50
   );
INSERT INTO employees VALUES 
   ( 198
   , 'Donald'
   , 'OConnell'
   , 'DOCONNEL'
   , '650.507.9833'
   , '21-JUN-1999'
   , 'SH_CLERK'
   , 2600
   , NULL
   , 124
   , 50
   );
INSERT INTO employees VALUES 
   ( 199
   , 'Douglas'
   , 'Grant'
   , 'DGRANT'
   , '650.507.9844'
   , '13-JAN-2000'
   , 'SH_CLERK'
   , 2600
   , NULL
   , 124
   , 50
   );
INSERT INTO employees VALUES 
   ( 200
   , 'Jennifer'
   , 'Whalen'
   , 'JWHALEN'
   , '515.123.4444'
   , '17-SEP-1987'
   , 'AD_ASST'
   , 4400
   , NULL
   , 101
   , 10
   );
INSERT INTO employees VALUES 
   ( 201
   , 'Michael'
   , 'Hartstein'
   , 'MHARTSTE'
   , '515.123.5555'
   , '17-FEB-1996'
   , 'MK_MAN'
   , 13000
   , NULL
   , 100
   , 20
   );
INSERT INTO employees VALUES 
   ( 202
   , 'Pat'
   , 'Fay'
   , 'PFAY'
   , '603.123.6666'
   , '17-AUG-1997'
   , 'MK_REP'
   , 6000
   , NULL
   , 201
   , 20
   );
INSERT INTO employees VALUES 
   ( 203
   , 'Susan'
   , 'Mavris'
   , 'SMAVRIS'
   , '515.123.7777'
   , '07-JUN-1994'
   , 'HR_REP'
   , 6500
   , NULL
   , 101
   , 40
   );
INSERT INTO employees VALUES 
   ( 204
   , 'Hermann'
   , 'Baer'
   , 'HBAER'
   , '515.123.8888'
   , '07-JUN-1994'
   , 'PR_REP'
   , 10000
   , NULL
   , 101
   , 70
   );
INSERT INTO employees VALUES 
   ( 205
   , 'Shelley'
   , 'Higgins'
   , 'SHIGGINS'
   , '515.123.8080'
   , '07-JUN-1994'
   , 'AC_MGR'
   , 12000
   , NULL
   , 101
   , 110
   );
INSERT INTO employees VALUES 
   ( 206
   , 'William'
   , 'Gietz'
   , 'WGIETZ'
   , '515.123.8181'
   , '07-JUN-1994'
   , 'AC_ACCOUNT'
   , 8300
   , NULL
   , 205
   , 110
   );
   INSERT INTO employees VALUES 
   ( 145
   , 'John'
   , 'Russell'
   , 'JRUSSEL'
   , '011.44.1344.429268'
   , '01-OCT-1996'
   , 'SA_MAN'
   , 14000
   , .4
   , 100
   , 80
   );
INSERT INTO employees VALUES 
   ( 146
   , 'Karen'
   , 'Partners'
   , 'KPARTNER'
   , '011.44.1344.467268'
   , '05-JAN-1997'
   , 'SA_MAN'
   , 13500
   , .3
   , 100
   , 80
   );
INSERT INTO employees VALUES 
   ( 147
   , 'Alberto'
   , 'Errazuriz'
   , 'AERRAZUR'
   , '011.44.1344.429278'
   , '10-MAR-1997'
   , 'SA_MAN'
   , 12000
   , .3
   , 100
   , 80
   );
INSERT INTO employees VALUES 
   ( 148
   , 'Gerald'
   , 'Cambrault'
   , 'GCAMBRAU'
   , '011.44.1344.619268'
   , '15-OCT-1999'
   , 'SA_MAN'
   , 11000
   , .3
   , 100
   , 80
   );
INSERT INTO employees VALUES 
   ( 149
   , 'Eleni'
   , 'Zlotkey'
   , 'EZLOTKEY'
   , '011.44.1344.429018'
   , '29-JAN-2000'
   , 'SA_MAN'
   , 10500
   , .2
   , 100
   , 80
   );
INSERT INTO employees VALUES 
   ( 150
   , 'Peter'
   , 'Tucker'
   , 'PTUCKER'
   , '011.44.1344.129268'
   , '30-JAN-1997'
   , 'SA_REP'
   , 10000
   , .3
   , 145
   , 80
   );
INSERT INTO employees VALUES 
   ( 151
   , 'David'
   , 'Bernstein'
   , 'DBERNSTE'
   , '011.44.1344.345268'
   , '24-MAR-1997'
   , 'SA_REP'
   , 9500
   , .25
   , 145
   , 80
   );
INSERT INTO employees VALUES 
   ( 152
   , 'Peter'
   , 'Hall'
   , 'PHALL'
   , '011.44.1344.478968'
   , '20-AUG-1997'
   , 'SA_REP'
   , 9000
   , .25
   , 145
   , 80
   );
INSERT INTO employees VALUES 
   ( 153
   , 'Christopher'
   , 'Olsen'
   , 'COLSEN'
   , '011.44.1344.498718'
   , '30-MAR-1998'
   , 'SA_REP'
   , 8000
   , .2
   , 145
   , 80
   );
INSERT INTO employees VALUES 
   ( 154
   , 'Nanette'
   , 'Cambrault'
   , 'NCAMBRAU'
   , '011.44.1344.987668'
   , '09-DEC-1998'
   , 'SA_REP'
   , 7500
   , .2
   , 145
   , 80
   );
INSERT INTO employees VALUES 
   ( 155
   , 'Oliver'
   , 'Tuvault'
   , 'OTUVAULT'
   , '011.44.1344.486508'
   , '23-NOV-1999'
   , 'SA_REP'
   , 7000
   , .15
   , 145
   , 80
   );
INSERT INTO employees VALUES 
   ( 156
   , 'Janette'
   , 'King'
   , 'JKING'
   , '011.44.1345.429268'
   , '30-JAN-1996'
   , 'SA_REP'
   , 10000
   , .35
   , 146
   , 80
   );
INSERT INTO employees VALUES 
   ( 157
   , 'Patrick'
   , 'Sully'
   , 'PSULLY'
   , '011.44.1345.929268'
   , '04-MAR-1996'
   , 'SA_REP'
   , 9500
   , .35
   , 146
   , 80
   );
INSERT INTO employees VALUES 
   ( 158
   , 'Allan'
   , 'McEwen'
   , 'AMCEWEN'
   , '011.44.1345.829268'
   , '01-AUG-1996'
   , 'SA_REP'
   , 9000
   , .35
   , 146
   , 80
   );
INSERT INTO employees VALUES 
   ( 159
   , 'Lindsey'
   , 'Smith'
   , 'LSMITH'
   , '011.44.1345.729268'
   , '10-MAR-1997'
   , 'SA_REP'
   , 8000
   , .3
   , 146
   , 80
   );
INSERT INTO employees VALUES 
   ( 160
   , 'Louise'
   , 'Doran'
   , 'LDORAN'
   , '011.44.1345.629268'
   , '15-DEC-1997'
   , 'SA_REP'
   , 7500
   , .3
   , 146
   , 80
   );
INSERT INTO employees VALUES 
   ( 161
   , 'Sarath'
   , 'Sewall'
   , 'SSEWALL'
   , '011.44.1345.529268'
   , '03-NOV-1998'
   , 'SA_REP'
   , 7000
   , .25
   , 146
   , 80
   );
INSERT INTO employees VALUES 
   ( 162
   , 'Clara'
   , 'Vishney'
   , 'CVISHNEY'
   , '011.44.1346.129268'
   , '11-NOV-1997'
   , 'SA_REP'
   , 10500
   , .25
   , 147
   , 80
   );
INSERT INTO employees VALUES 
   ( 163
   , 'Danielle'
   , 'Greene'
   , 'DGREENE'
   , '011.44.1346.229268'
   , '19-MAR-1999'
   , 'SA_REP'
   , 9500
   , .15
   , 147
   , 80
   );
INSERT INTO employees VALUES 
   ( 164
   , 'Mattea'
   , 'Marvins'
   , 'MMARVINS'
   , '011.44.1346.329268'
   , '24-JAN-2000'
   , 'SA_REP'
   , 7200
   , .10
   , 147
   , 80
   );
INSERT INTO employees VALUES 
   ( 165
   , 'David'
   , 'Lee'
   , 'DLEE'
   , '011.44.1346.529268'
   , '23-FEB-2000'
   , 'SA_REP'
   , 6800
   , .1
   , 147
   , 80
   );
INSERT INTO employees VALUES 
   ( 166
   , 'Sundar'
   , 'Ande'
   , 'SANDE'
   , '011.44.1346.629268'
   , '24-MAR-2000'
   , 'SA_REP'
   , 6400
   , .10
   , 147
   , 80
   );
INSERT INTO employees VALUES 
   ( 167
   , 'Amit'
   , 'Banda'
   , 'ABANDA'
   , '011.44.1346.729268'
   , '21-APR-2000'
   , 'SA_REP'
   , 6200
   , .10
   , 147
   , 80
   );
INSERT INTO employees VALUES 
   ( 168
   , 'Lisa'
   , 'Ozer'
   , 'LOZER'
   , '011.44.1343.929268'
   , '11-MAR-1997'
   , 'SA_REP'
   , 11500
   , .25
   , 148
   , 80
   );
INSERT INTO employees VALUES 
   ( 169 
   , 'Harrison'
   , 'Bloom'
   , 'HBLOOM'
   , '011.44.1343.829268'
   , '23-MAR-1998'
   , 'SA_REP'
   , 10000
   , .20
   , 148
   , 80
   );
INSERT INTO employees VALUES 
   ( 170
   , 'Tayler'
   , 'Fox'
   , 'TFOX'
   , '011.44.1343.729268'
   , '24-JAN-1998'
   , 'SA_REP'
   , 9600
   , .20
   , 148
   , 80
   );
INSERT INTO employees VALUES 
   ( 171
   , 'William'
   , 'Smith'
   , 'WSMITH'
   , '011.44.1343.625'
   , '23-FEB-1999'
   , 'SA_REP'
   , 7400
   , .15
   , 148
   , 80
   );
INSERT INTO employees VALUES 
   ( 172
   , 'Elizabeth'
   , 'Bates'
   , 'EBATES'
   , '011.44.1343.526'
   , '24-MAR-1999'
   , 'SA_REP'
   , 7300
   , .15
   , 148
   , 80
   );
INSERT INTO employees VALUES 
   ( 173
   , 'Sundita'
   , 'Kumar'
   , 'SKUMAR'
   , '011.44.1343.327'
   , '21-APR-2000'
   , 'SA_REP'
   , 6100
   , .10
   , 148
   , 80
   );
INSERT INTO employees VALUES 
   ( 174
   , 'Ellen'
   , 'Abel'
   , 'EABEL'
   , '011.44.1644.429'
   , '11-MAY-1996'
   , 'SA_REP'
   , 11000
   , .30
   , 149
   , 80
   );
INSERT INTO employees VALUES 
   ( 175
   , 'Alyssa'
   , 'Hutton'
   , 'AHUTTON'
   , '011.44.1644.428'
   , '19-MAR-1997'
   , 'SA_REP'
   , 8800
   , .25
   , 149
   , 80
   );
INSERT INTO employees VALUES 
   ( 176
   , 'Jonathon'
   , 'Taylor'
   , 'JTAYLOR'
   , '011.44.1644.429265'
   , '24-MAR-1998'
   , 'SA_REP'
   , 8600
   , .20
   , 149
   , 80
   );
INSERT INTO employees VALUES 
   ( 177
   , 'Jack'
   , 'Livingston'
   , 'JLIVINGS'
   , '011.44.1644.429264'
   , '23-APR-1998'
   , 'SA_REP'
   , 8400
   , .20
   , 149
   , 80
   );
INSERT INTO employees VALUES 
   ( 178
   , 'Kimberely'
   , 'Grant'
   , 'KGRANT'
   , '011.44.1644.429263'
   , '24-MAY-1999'
   , 'SA_REP'
   , 7000
   , .15
   , 149
   , NULL
   );
INSERT INTO employees VALUES 
   ( 179
   , 'Charles'
   , 'Johnson'
   , 'CJOHNSON'
   , '011.44.1644.429262'
   , '04-JAN-2000'
   , 'SA_REP'
   , 6200
   , .10
   , 149
   , 80
   );
SELECT last_name, job_id, salary AS Sal FROM employees;
--TRUE
 SELECT employee_id, last_name, sal*12 ANNUAL SALARY FROM employees;
 -- sal is wrong column name, correct one is Salary, ANNUAL SALARY  Alias is space separated without quotes, Alias is not followed by AS keyword.
 -- Write a query to determine the structure of the table 'DEPARTMENTS'
 EXEC sp_help DEPARTMENTS;
 -- Write a query to determine the unique Job IDs from the EMPLOYEES table.
 SELECT DISTINCT Job_ID FROM EMPLOYEES;
-- Write a query to display the employee number, lastname, salary (oldsalary), salary increased by 15.5% name it has NewSalary and subtract the (NewSalary from OldSalary) name the column as Increment.
SELECT Employee_ID, Last_Name, Salary AS Old_Salary, Salary+Salary*0.155 AS NewSalary,Salary*0.155 AS INCREMENT FROM EMPLOYEES;
-- Write a query to display the minimum, maximum, sum and average salary for each job type.
SELECT Job_ID,MIN(Salary)AS MIN_SALARY,MAX(Salary) AS MAX_SALARY,SUM(Salary)TOTAL_SALARY,AVG(Salary) AS AVG_SALARY FROM EMPLOYEES GROUP BY Job_ID;
-- The HR department needs to find the names and hire dates of all employees who were hired before their managers, along with their managers’ names and hire dates
SELECT CONCAT_WS(' ',A.First_Name, A.Last_Name) AS EMP_NAME,A.Hire_Date AS EMP_HIRE_DATE,CONCAT_WS(' ',B.First_Name,B.Last_Name) AS MANAGER_NAME
,B.Hire_Date AS MAN_HIRE_DATE FROM EMPLOYEES A , EMPLOYEES B WHERE (A.Manager_ID = B.Employee_ID) AND B.Hire_Date> A.Hire_Date;
-- Create a report for the HR department that displays employee last names, department numbers, and all the employees who work in the same department as a given employee.
SELECT Last_Name,b.Department_ID, OTHER_EMP FROM EMPLOYEES AS b , (SELECT STRING_AGG(CONCAT_WS(' ',First_Name, Last_Name),', ')AS OTHER_EMP,Department_ID FROM EMPLOYEES  GROUP BY Department_ID) AS a
WHERE b.Department_ID = a.Department_ID;
-- Find the highest, lowest, sum, and average salary of all employees. Label the columns Maximum, Minimum, Sum, and Average, respectively. Round your results to the nearest whole number.
SELECT CAST(MAX(Salary) AS INT) AS Maximum,CAST(MIN(Salary) AS INT)AS Minimum,
CAST(SUM(Salary) AS INT) AS SUM, CAST(AVG(Salary) AS INT) AS Average
FROM EMPLOYEES ;
--Create a report that displays list of employees whose salary is more than the salary of any employee from department 60.
CREATE VIEW view_greater_than_dep60
AS
SELECT CONCAT_WS(' ',First_Name,Last_Name)AS EMP_NAME,Department_ID FROM EMPLOYEES AS a,
(
SELECT MIN(Salary) AS MIN_SAL FROM EMPLOYEES WHERE Department_ID = 60 GROUP BY Department_ID
) AS b
WHERE a.Department_ID<>60 AND a.Salary> b.MIN_SAL;
--Create a report that displays last name and salary of every employee who reports to King
CREATE VIEW view_reporting_king 
AS
SELECT Last_Name,Salary FROM EMPLOYEES AS a,(SELECT Employee_ID FROM EMPLOYEES WHERE Last_Name = 'King') AS b
WHERE a.Manager_ID = b.Employee_ID;
SELECT * FROM view_reporting_king;
--Write a query to display the list of department IDs for departments that do not contain the job Id ST_CLERK(Add this job ST_CLERK to Job table). Use SET Operator for this query
Select * from DEPARTMENTS
SELECT * FROM EMPLOYEES;
SELECT * FROM JOBS
SELECT Department_ID FROM EMPLOYEES GROUP BY Department_ID
EXCEPT 
SELECT Department_ID FROM EMPLOYEES WHERE Job_ID= 'ST_CLERK' GROUP BY Department_ID;
-- Write a query to display the list of employees who work in department 50 and 80. Show employee Id, job Id and department Id by using set operators. - Add 50 and 80 department Id to department table
SELECT Employee_ID, First_Name,Last_Name,Department_ID FROM EMPLOYEES WHERE Department_ID=50
UNION
SELECT Employee_ID,First_Name,Last_Name,Department_ID FROM EMPLOYEES WHERE Department_ID=80;
